,species,baselinemean
1,Chinook,23847.02941
2,Chum,379098.9423
3,Coho,158454.1636
4,Pink,1150562.871
5,Sockeye,19431.15789
,All,977287.6
,All_sansPink,144545.1
