,species,baselinemean
1,Chinook,34826.63636
2,Chum,495015.9091
3,Coho,234152.1818
4,Pink,2287435.333
5,Sockeye,8162.181818
,All,444366.8
,All_sansPink,193039.2
